elapsedtime,ECG
seconds,mv
0,-0.207
0.004,-0.195
0.008,-0.215
0.012,-0.18
0.016,-0.203
0.02,-0.21
0.024,-0.203
0.028,-0.203
0.032,-0.203
0.036,-0.225
0.04,-0.207
0.044,-0.215
0.048,-0.212
0.052,-0.165
0.056,-0.177
0.06,-0.163
0.064,-0.182
0.068,-0.175
0.072,-0.16
0.076,-0.17
0.08,-0.185
0.084,-0.223
0.088,-0.215
0.092,-0.203
0.096,-0.198
0.1,-0.215
0.104,-0.215
0.108,-0.198
0.112,-0.15
0.116,-0.155
0.12,-0.135
0.124,-0.113
0.128,-0.092
0.132,-0.105
0.136,-0.115
0.14,-0.08
0.144,-0.052
0.148,-0.062
0.152,-0.07
0.156,-0.09
0.16,-0.087
0.164,-0.095
0.168,-0.062
0.172,-0.068
0.176,-0.09
0.18,-0.11
0.184,-0.125
0.188,-0.135
0.192,-0.17
0.196,-0.19
0.2,-0.193
0.204,-0.182
0.208,-0.16
0.212,-0.185
0.216,-0.198
0.22,-0.205
0.224,-0.19
0.228,-0.19
0.232,-0.175
0.236,-0.215
0.24,-0.33
0.244,-0.497
0.248,-0.562
0.252,-0.455
0.256,-0.125
0.26,0.343
0.264,0.848
0.268,1.475
0.272,1.843
0.276,1.728
0.28,1.333
0.284,0.943
0.288,0.578
0.292,0.268
0.296,0.045
0.3,-0.08
0.304,-0.115
0.308,-0.122
0.312,-0.142
0.316,-0.155
0.32,-0.172
0.324,-0.172
0.328,-0.195
0.332,-0.2
0.336,-0.198
0.34,-0.205
0.344,-0.203
0.348,-0.21
0.352,-0.203
0.356,-0.195
0.36,-0.19
0.364,-0.205
0.368,-0.21
0.372,-0.205
0.376,-0.193
0.38,-0.182
0.384,-0.19
0.388,-0.193
0.392,-0.172
0.396,-0.177
0.4,-0.203
0.404,-0.212
0.408,-0.195
0.412,-0.185
0.416,-0.182
0.42,-0.155
0.424,-0.17
0.428,-0.17
0.432,-0.165
0.436,-0.165
0.44,-0.152
0.444,-0.158
0.448,-0.152
0.452,-0.13
0.456,-0.125
0.46,-0.117
0.464,-0.128
0.468,-0.09
0.472,-0.072
0.476,-0.055
0.48,-0.06
0.484,-0.062
0.488,-0.04
0.492,-0.022
0.496,-0.005
0.5,-0.003
0.504,0.028
0.508,0.035
0.512,0.058
0.516,0.068
0.52,0.08
0.524,0.083
0.528,0.08
0.532,0.085
0.536,0.08
0.54,0.058
0.544,0.058
0.548,0.037
0.552,0.007
0.556,-0.003
0.56,-0.005
0.564,-0.043
0.568,-0.055
0.572,-0.072
0.576,-0.08
0.58,-0.068
0.584,-0.085
0.588,-0.1
0.592,-0.102
0.596,-0.092
0.6,-0.095
0.604,-0.1
0.608,-0.115
0.612,-0.122
0.616,-0.128
0.62,-0.113
0.624,-0.11
0.628,-0.105
0.632,-0.105
0.636,-0.08
0.64,-0.11
0.644,-0.122
0.648,-0.117
0.652,-0.122
0.656,-0.115
0.66,-0.125
0.664,-0.13
0.668,-0.135
0.672,-0.13
0.676,-0.125
0.68,-0.12
0.684,-0.14
0.688,-0.128
0.692,-0.142
0.696,-0.152
0.7,-0.145
0.704,-0.115
0.708,-0.1
0.712,-0.105
0.716,-0.107
0.72,-0.105
0.724,-0.117
0.728,-0.128
0.732,-0.122
0.736,-0.115
0.74,-0.09
0.744,-0.085
0.748,-0.085
0.752,-0.095
0.756,-0.115
0.76,-0.105
0.764,-0.105
0.768,-0.12
0.772,-0.095
0.776,-0.098
0.78,-0.12
0.784,-0.105
0.788,-0.1
0.792,-0.092
0.796,-0.07
0.8,-0.065
0.804,-0.09
0.808,-0.095
0.812,-0.12
0.816,-0.142
0.82,-0.122
0.824,-0.102
0.828,-0.122
0.832,-0.128
0.836,-0.135
0.84,-0.12
0.844,-0.133
0.848,-0.17
0.852,-0.145
0.856,-0.15
0.86,-0.16
0.864,-0.155
0.868,-0.17
0.872,-0.165
0.876,-0.172
0.88,-0.163
0.884,-0.133
0.888,-0.133
0.892,-0.105
0.896,-0.13
0.9,-0.145
0.904,-0.135
0.908,-0.13
0.912,-0.125
0.916,-0.133
0.92,-0.115
0.924,-0.125
0.928,-0.13
0.932,-0.125
0.936,-0.125
0.94,-0.13
0.944,-0.098
0.948,-0.105
0.952,-0.09
0.956,-0.058
0.96,-0.043
0.964,-0.048
0.968,-0.055
0.972,-0.065
0.976,-0.075
0.98,-0.015
0.984,0.028
0.988,0.013
0.992,-0.013
0.996,-0.055
1,-0.058
1.004,-0.035
1.008,-0.015
1.012,-0.025
1.016,-0.04
1.02,-0.062
1.024,-0.095
1.028,-0.115
1.032,-0.125
1.036,-0.158
1.04,-0.15
1.044,-0.142
1.048,-0.135
1.052,-0.14
1.056,-0.175
1.06,-0.185
1.064,-0.172
1.068,-0.177
1.072,-0.19
1.076,-0.245
1.08,-0.365
1.084,-0.522
1.088,-0.583
1.092,-0.47
1.096,-0.145
1.1,0.297
1.104,0.818
1.108,1.433
1.112,1.873
1.116,1.885
1.12,1.502
1.124,1.107
1.128,0.748
1.132,0.417
1.136,0.177
1.14,0.028
1.144,-0.072
1.148,-0.11
1.152,-0.142
1.156,-0.125
1.16,-0.175
1.164,-0.193
1.168,-0.177
1.172,-0.198
1.176,-0.203
1.18,-0.215
1.184,-0.235
1.188,-0.225
1.192,-0.23
1.196,-0.225
1.2,-0.225
1.204,-0.21
1.208,-0.198
1.212,-0.198
1.216,-0.21
1.22,-0.212
1.224,-0.223
1.228,-0.212
1.232,-0.21
1.236,-0.22
1.24,-0.223
1.244,-0.22
1.248,-0.215
1.252,-0.212
1.256,-0.207
1.26,-0.21
1.264,-0.223
1.268,-0.215
1.272,-0.205
1.276,-0.193
1.28,-0.19
1.284,-0.19
1.288,-0.195
1.292,-0.195
1.296,-0.185
1.3,-0.17
1.304,-0.155
1.308,-0.133
1.312,-0.128
1.316,-0.12
1.32,-0.115
1.324,-0.055
1.328,-0.058
1.332,-0.065
1.336,-0.065
1.34,-0.033
1.344,0.007
1.348,0.015
1.352,0.025
1.356,0.033
1.36,0.055
1.364,0.068
1.368,0.087
1.372,0.09
1.376,0.1
1.38,0.087
1.384,0.087
1.388,0.075
1.392,0.058
1.396,0.015
1.4,0.015
1.404,-0.005
1.408,-0.022
1.412,-0.072
1.416,-0.062
1.42,-0.062
1.424,-0.072
1.428,-0.095
1.432,-0.077
1.436,-0.075
1.44,-0.087
1.444,-0.102
1.448,-0.11
1.452,-0.102
1.456,-0.08
1.46,-0.11
1.464,-0.113
1.468,-0.11
1.472,-0.107
1.476,-0.115
1.48,-0.12
1.484,-0.125
1.488,-0.128
1.492,-0.105
1.496,-0.095
1.5,-0.102
1.504,-0.075
1.508,-0.065
1.512,-0.065
1.516,-0.058
1.52,-0.068
1.524,-0.065
1.528,-0.072
1.532,-0.065
1.536,-0.055
1.54,-0.075
1.544,-0.08
1.548,-0.095
1.552,-0.087
1.556,-0.077
1.56,-0.065
1.564,-0.052
1.568,-0.065
1.572,-0.065
1.576,-0.075
1.58,-0.08
1.584,-0.075
1.588,-0.065
1.592,-0.065
1.596,-0.07
1.6,-0.065
1.604,-0.072
1.608,-0.065
1.612,-0.06
1.616,-0.055
1.62,-0.045
1.624,-0.043
1.628,-0.045
1.632,-0.045
1.636,-0.075
1.64,-0.062
1.644,-0.045
1.648,-0.043
1.652,-0.043
1.656,-0.05
1.66,-0.045
1.664,-0.035
1.668,-0.062
1.672,-0.052
1.676,-0.055
1.68,-0.062
1.684,-0.077
1.688,-0.068
1.692,-0.062
1.696,-0.075
1.7,-0.062
1.704,-0.06
1.708,-0.065
1.712,-0.062
1.716,-0.075
1.72,-0.075
1.724,-0.083
1.728,-0.058
1.732,-0.055
1.736,-0.052
1.74,-0.052
1.744,-0.055
1.748,-0.043
1.752,-0.043
1.756,-0.05
1.76,-0.04
1.764,-0.033
1.768,-0.005
1.772,-0.007
1.776,-0.005
1.78,-0.007
1.784,-0.007
1.788,-0.018
1.792,-0.007
1.796,0.007
1.8,0.045
1.804,0.065
1.808,0.083
1.812,0.048
1.816,0.055
1.82,0.048
1.824,0.058
1.828,0.037
1.832,0.035
1.836,0.028
1.84,-0.005
1.844,-0.022
1.848,-0.065
1.852,-0.065
1.856,-0.09
1.86,-0.09
1.864,-0.105
1.868,-0.075
1.872,-0.098
1.876,-0.08
1.88,-0.075
1.884,-0.075
1.888,-0.115
1.892,-0.14
1.896,-0.263
1.9,-0.417
1.904,-0.472
1.908,-0.385
1.912,-0.105
1.916,0.328
1.92,0.8
1.924,1.417
1.928,1.82
1.932,1.76
1.936,1.365
1.94,0.988
1.944,0.623
1.948,0.307
1.952,0.087
1.956,-0.003
1.96,-0.037
1.964,-0.035
1.968,-0.075
1.972,-0.13
1.976,-0.142
1.98,-0.168
1.984,-0.163
1.988,-0.165
1.992,-0.135
1.996,-0.145
2,-0.152
2.004,-0.133
2.008,-0.133
2.012,-0.145
2.016,-0.14
2.02,-0.135
2.024,-0.145
2.028,-0.138
2.032,-0.142
2.036,-0.125
2.04,-0.128
2.044,-0.125
2.048,-0.125
2.052,-0.14
2.056,-0.133
2.06,-0.15
2.064,-0.14
2.068,-0.145
2.072,-0.152
2.076,-0.147
2.08,-0.14
2.084,-0.145
2.088,-0.15
2.092,-0.135
2.096,-0.125
2.1,-0.13
2.104,-0.12
2.108,-0.102
2.112,-0.092
2.116,-0.087
2.12,-0.08
2.124,-0.08
2.128,-0.075
2.132,-0.077
2.136,-0.033
2.14,-0.018
2.144,-0.003
2.148,0.03
2.152,0.028
2.156,0.01
2.16,0.035
2.164,0.045
2.168,0.07
2.172,0.075
2.176,0.095
2.18,0.095
2.184,0.107
2.188,0.128
2.192,0.105
2.196,0.085
2.2,0.058
2.204,0.045
2.208,0.015
2.212,0.005
2.216,-0.025
2.22,-0.028
2.224,-0.04
2.228,-0.043
2.232,-0.055
2.236,-0.048
2.24,-0.052
2.244,-0.065
2.248,-0.075
2.252,-0.065
2.256,-0.06
2.26,-0.072
2.264,-0.05
2.268,-0.062
2.272,-0.055
2.276,-0.09
2.28,-0.083
2.284,-0.065
2.288,-0.072
2.292,-0.08
2.296,-0.07
2.3,-0.065
2.304,-0.033
2.308,-0.028
2.312,-0.052
2.316,-0.035
2.32,-0.033
2.324,-0.005
2.328,-0.015
2.332,-0.02
2.336,-0.033
2.34,-0.025
2.344,-0.013
2.348,-0.003
2.352,-0.003
2.356,-0.007
2.36,-0.007
2.364,-0.013
2.368,-0.035
2.372,-0.015
2.376,-0.005
2.38,-0.02
2.384,-0.005
2.388,-0.005
2.392,-0.015
2.396,-0.02
2.4,-0.018
2.404,-0.043
2.408,-0.003
2.412,-0.007
2.416,-0.003
2.42,-0.003
2.424,-0.003
2.428,-0.033
2.432,-0.028
2.436,-0.035
2.44,-0.035
2.444,-0.03
2.448,-0.03
2.452,-0.045
2.456,-0.048
2.46,-0.065
2.464,-0.055
2.468,-0.04
2.472,-0.058
2.476,-0.077
2.48,-0.095
2.484,-0.095
2.488,-0.092
2.492,-0.075
2.496,-0.045
2.5,-0.035
2.504,-0.035
2.508,-0.035
2.512,-0.03
2.516,-0.035
2.52,-0.033
2.524,-0.037
2.528,-0.04
2.532,-0.033
2.536,-0.035
2.54,-0.043
2.544,-0.043
2.548,-0.035
2.552,-0.025
2.556,-0.037
2.56,-0.055
2.564,-0.033
2.568,-0.03
2.572,-0.033
2.576,-0.045
2.58,-0.06
2.584,-0.035
2.588,-0.022
2.592,-0.007
2.596,-0.013
2.6,-0.015
2.604,0.005
2.608,0.007
2.612,0.01
2.616,0.025
2.62,0.025
2.624,0.025
2.628,0.043
2.632,0.052
2.636,0.095
2.64,0.113
2.644,0.107
2.648,0.105
2.652,0.105
2.656,0.102
2.66,0.08
2.664,0.08
2.668,0.08
2.672,0.043
2.676,0.028
2.68,0.02
2.684,-0.003
2.688,-0.003
2.692,-0.01
2.696,-0.01
2.7,-0.045
2.704,-0.06
2.708,-0.055
2.712,-0.013
2.716,-0.015
2.72,-0.03
2.724,-0.077
2.728,-0.172
2.732,-0.31
2.736,-0.393
2.74,-0.325
2.744,-0.072
2.748,0.357
2.752,0.848
2.756,1.462
2.76,1.853
2.764,1.762
2.768,1.343
2.772,0.963
2.776,0.588
2.78,0.282
2.784,0.125
2.788,0.028
2.792,0.01
2.796,-0.015
2.8,-0.03
2.804,-0.035
2.808,-0.068
2.812,-0.08
2.816,-0.08
2.82,-0.095
2.824,-0.092
2.828,-0.105
2.832,-0.092
2.836,-0.06
2.84,-0.072
2.844,-0.122
2.848,-0.105
2.852,-0.092
2.856,-0.11
2.86,-0.098
2.864,-0.102
2.868,-0.092
2.872,-0.09
2.876,-0.077
2.88,-0.087
2.884,-0.09
2.888,-0.1
2.892,-0.105
2.896,-0.105
2.9,-0.12
2.904,-0.09
2.908,-0.065
2.912,-0.06
2.916,-0.075
2.92,-0.09
2.924,-0.09
2.928,-0.075
2.932,-0.06
2.936,-0.055
2.94,-0.06
2.944,-0.035
2.948,-0.025
2.952,-0.015
2.956,-0.022
2.96,0.005
2.964,0.013
2.968,0.018
2.972,0.035
2.976,0.058
2.98,0.095
2.984,0.102
2.988,0.085
2.992,0.087
2.996,0.107
3,0.138
3.004,0.145
3.008,0.168
3.012,0.142
3.016,0.155
3.02,0.158
3.024,0.145
3.028,0.128
3.032,0.125
3.036,0.1
3.04,0.075
3.044,0.055
3.048,0.048
3.052,0.03
3.056,0.015
3.06,0.007
3.064,0.007
3.068,-0.013
3.072,-0.015
3.076,-0.022
3.08,-0.035
3.084,-0.03
3.088,-0.037
3.092,-0.033
3.096,-0.035
3.1,-0.025
3.104,-0.015
3.108,-0.025
3.112,-0.025
3.116,0.018
3.12,0.025
3.124,0.058
3.128,0.135
3.132,0.258
3.136,0.463
3.14,0.695
3.144,0.895
3.148,1.038
3.152,1.042
3.156,0.897
3.16,0.378
3.164,-0.427
3.168,-1.042
3.172,-1.327
3.176,-1.462
3.18,-1.508
3.184,-1.512
3.188,-1.373
3.192,-1.137
3.196,-0.843
3.2,-0.657
3.204,-0.552
3.208,-0.537
3.212,-0.557
3.216,-0.627
3.22,-0.627
3.224,-0.632
3.228,-0.58
3.232,-0.468
3.236,-0.323
3.24,-0.165
3.244,-0.075
3.248,-0.003
3.252,-0.005
3.256,0.013
3.26,0.022
3.264,0.048
3.268,0.068
3.272,0.068
3.276,0.08
3.28,0.105
3.284,0.107
3.288,0.107
3.292,0.145
3.296,0.163
3.3,0.168
3.304,0.168
3.308,0.168
3.312,0.177
3.316,0.188
3.32,0.195
3.324,0.233
3.328,0.24
3.332,0.228
3.336,0.245
3.34,0.297
3.344,0.328
3.348,0.378
3.352,0.448
3.356,0.522
3.36,0.598
3.364,0.667
3.368,0.757
3.372,0.807
3.376,0.828
3.38,0.877
3.384,0.902
3.388,0.922
3.392,0.958
3.396,0.958
3.4,0.948
3.404,0.932
3.408,0.88
3.412,0.815
3.416,0.728
3.42,0.667
3.424,0.608
3.428,0.58
3.432,0.507
3.436,0.443
3.44,0.362
3.444,0.318
3.448,0.268
3.452,0.212
3.456,0.152
3.46,0.138
3.464,0.125
3.468,0.085
3.472,0.065
3.476,0.035
3.48,0.033
3.484,0.028
3.488,0.02
3.492,0.015
3.496,-0.003
3.5,-0.003
3.504,0.005
3.508,0.015
3.512,-0.003
3.516,-0.007
3.52,-0.015
3.524,0.007
3.528,0.005
3.532,0.003
3.536,-0.005
3.54,-0.003
3.544,-0.003
3.548,0.015
3.552,0.013
3.556,0.013
3.56,0.015
3.564,0.018
3.568,-0.02
3.572,-0.022
3.576,-0.022
3.58,-0.01
3.584,-0.01
3.588,0.005
3.592,0.007
3.596,0.005
3.6,-0.015
3.604,-0.04
3.608,-0.02
3.612,-0.033
3.616,-0.03
3.62,-0.06
3.624,-0.05
3.628,-0.05
3.632,-0.04
3.636,-0.055
3.64,-0.072
3.644,-0.055
3.648,-0.062
3.652,-0.055
3.656,-0.043
3.66,-0.035
3.664,-0.043
3.668,-0.055
3.672,-0.045
3.676,-0.055
3.68,-0.05
3.684,-0.055
3.688,-0.02
3.692,-0.043
3.696,-0.065
3.7,-0.062
3.704,-0.07
3.708,-0.068
3.712,-0.087
3.716,-0.065
3.72,-0.072
3.724,-0.045
3.728,-0.043
3.732,-0.062
3.736,-0.102
3.74,-0.105
3.744,-0.12
3.748,-0.092
3.752,-0.085
3.756,-0.08
3.76,-0.092
3.764,-0.092
3.768,-0.105
3.772,-0.113
3.776,-0.105
3.78,-0.072
3.784,-0.072
3.788,-0.087
3.792,-0.098
3.796,-0.092
3.8,-0.077
3.804,-0.077
3.808,-0.072
3.812,-0.065
3.816,-0.06
3.82,-0.06
3.824,-0.07
3.828,-0.107
3.832,-0.115
3.836,-0.115
3.84,-0.11
3.844,-0.11
3.848,-0.092
3.852,-0.098
3.856,-0.1
3.86,-0.092
3.864,-0.102
3.868,-0.102
3.872,-0.085
3.876,-0.08
3.88,-0.08
3.884,-0.08
3.888,-0.045
3.892,-0.04
3.896,-0.08
3.9,-0.11
3.904,-0.14
3.908,-0.145
3.912,-0.133
3.916,-0.102
3.92,-0.085
3.924,-0.098
3.928,-0.095
3.932,-0.08
3.936,-0.07
3.94,-0.09
3.944,-0.092
3.948,-0.075
3.952,-0.072
3.956,-0.095
3.96,-0.092
3.964,-0.102
3.968,-0.115
3.972,-0.105
3.976,-0.1
3.98,-0.087
3.984,-0.087
3.988,-0.09
3.992,-0.095
3.996,-0.095
4,-0.098
4.004,-0.083
4.008,-0.08
4.012,-0.085
4.016,-0.083
4.02,-0.095
4.024,-0.09
4.028,-0.085
4.032,-0.075
4.036,-0.09
4.04,-0.107
4.044,-0.095
4.048,-0.105
4.052,-0.072
4.056,-0.065
4.06,-0.04
4.064,-0.055
4.068,-0.055
4.072,-0.055
4.076,-0.065
4.08,-0.085
4.084,-0.062
4.088,-0.055
4.092,-0.07
4.096,-0.075
4.1,-0.07
4.104,-0.052
4.108,-0.06
4.112,-0.075
4.116,-0.06
4.12,-0.09
4.124,-0.098
4.128,-0.085
4.132,-0.075
4.136,-0.045
4.14,-0.043
4.144,-0.052
4.148,-0.052
4.152,-0.05
4.156,-0.035
4.16,-0.018
4.164,-0.025
4.168,-0.033
4.172,-0.05
4.176,-0.065
4.18,-0.035
4.184,-0.065
4.188,-0.062
4.192,-0.075
4.196,-0.052
4.2,-0.04
4.204,-0.06
4.208,-0.055
4.212,-0.043
4.216,-0.033
4.22,-0.055
4.224,-0.035
4.228,-0.025
4.232,-0.04
4.236,-0.033
4.24,-0.003
4.244,-0.015
4.248,0.005
4.252,-0.005
4.256,-0.015
4.26,0.007
4.264,0.033
4.268,0.105
4.272,0.107
4.276,0.117
4.28,0.115
4.284,0.115
4.288,0.072
4.292,0.087
4.296,0.107
4.3,0.105
4.304,0.068
4.308,0.055
4.312,-0.003
4.316,-0.028
4.32,-0.045
4.324,-0.095
4.328,-0.092
4.332,-0.085
4.336,-0.08
4.34,-0.092
4.344,-0.1
4.348,-0.113
4.352,-0.087
4.356,-0.085
4.36,-0.113
4.364,-0.1
4.368,-0.135
4.372,-0.115
4.376,-0.15
4.38,-0.263
4.384,-0.407
4.388,-0.445
4.392,-0.355
4.396,-0.085
4.4,0.307
4.404,0.828
4.408,1.427
4.412,1.792
4.416,1.7
4.42,1.317
4.424,0.927
4.428,0.557
4.432,0.275
4.436,0.113
4.44,0.005
4.444,-0.035
4.448,-0.075
4.452,-0.105
4.456,-0.122
4.46,-0.125
4.464,-0.165
4.468,-0.172
4.472,-0.175
4.476,-0.193
4.48,-0.195
4.484,-0.193
4.488,-0.215
4.492,-0.205
4.496,-0.195
4.5,-0.212
4.504,-0.205
4.508,-0.203
4.512,-0.198
4.516,-0.22
4.52,-0.233
4.524,-0.24
4.528,-0.235
4.532,-0.21
4.536,-0.205
4.54,-0.182
4.544,-0.193
4.548,-0.195
4.552,-0.203
4.556,-0.235
4.56,-0.225
4.564,-0.212
4.568,-0.205
4.572,-0.207
4.576,-0.203
4.58,-0.168
4.584,-0.172
4.588,-0.155
4.592,-0.16
4.596,-0.133
4.6,-0.138
4.604,-0.13
4.608,-0.135
4.612,-0.125
4.616,-0.095
4.62,-0.077
4.624,-0.085
4.628,-0.105
4.632,-0.075
4.636,-0.072
4.64,-0.07
4.644,-0.068
4.648,-0.045
4.652,-0.035
4.656,0.005
4.66,-0.003
4.664,0.018
4.668,0.007
4.672,0.018
4.676,0.048
4.68,0.055
4.684,0.045
4.688,0.028
4.692,0.048
4.696,0.02
4.7,-0.003
4.704,-0.003
4.708,-0.02
4.712,-0.045
4.716,-0.033
4.72,-0.035
4.724,-0.03
4.728,-0.037
4.732,-0.04
4.736,-0.043
4.74,-0.045
4.744,-0.06
4.748,-0.06
4.752,-0.075
4.756,-0.075
4.76,-0.068
4.764,-0.077
4.768,-0.055
4.772,-0.072
4.776,-0.075
4.78,-0.1
4.784,-0.09
4.788,-0.075
4.792,-0.077
4.796,-0.043
4.8,-0.045
4.804,-0.055
4.808,-0.035
4.812,-0.05
4.816,-0.068
4.82,-0.072
4.824,-0.062
4.828,-0.072
4.832,-0.062
4.836,-0.072
4.84,-0.065
4.844,-0.052
4.848,-0.068
4.852,-0.068
4.856,-0.08
4.86,-0.072
4.864,-0.08
4.868,-0.08
4.872,-0.075
4.876,-0.095
4.88,-0.09
4.884,-0.11
4.888,-0.087
4.892,-0.085
4.896,-0.09
4.9,-0.087
4.904,-0.085
4.908,-0.09
4.912,-0.095
4.916,-0.08
4.92,-0.08
4.924,-0.095
4.928,-0.11
4.932,-0.085
4.936,-0.077
4.94,-0.072
4.944,-0.085
4.948,-0.09
4.952,-0.075
4.956,-0.08
4.96,-0.1
4.964,-0.105
4.968,-0.102
4.972,-0.09
4.976,-0.09
4.98,-0.1
4.984,-0.077
4.988,-0.098
4.992,-0.125
4.996,-0.125
5,-0.09
5.004,-0.075
5.008,-0.085
5.012,-0.102
5.016,-0.107
5.02,-0.085
5.024,-0.095
5.028,-0.122
5.032,-0.115
5.036,-0.107
5.04,-0.105
5.044,-0.095
5.048,-0.075
5.052,-0.072
5.056,-0.075
5.06,-0.052
5.064,-0.035
5.068,-0.037
5.072,-0.035
5.076,-0.01
5.08,0.007
5.084,0.065
5.088,0.11
5.092,0.115
5.096,0.098
5.1,0.08
5.104,0.095
5.108,0.087
5.112,0.087
5.116,0.08
5.12,0.095
5.124,0.06
5.128,0.025
5.132,-0.005
5.136,-0.04
5.14,-0.08
5.144,-0.09
5.148,-0.128
5.152,-0.14
5.156,-0.17
5.16,-0.158
5.164,-0.16
5.168,-0.16
5.172,-0.16
5.176,-0.165
5.18,-0.165
5.184,-0.172
5.188,-0.168
5.192,-0.182
5.196,-0.225
5.2,-0.31
5.204,-0.46
5.208,-0.525
5.212,-0.495
5.216,-0.258
5.22,0.147
5.224,0.608
5.228,1.183
5.232,1.677
5.236,1.758
5.24,1.448
5.244,1.032
5.248,0.667
5.252,0.378
5.256,0.152
5.26,0.015
5.264,-0.052
5.268,-0.083
5.272,-0.117
5.276,-0.155
5.28,-0.188
5.284,-0.195
5.288,-0.215
5.292,-0.21
5.296,-0.203
5.3,-0.203
5.304,-0.212
5.308,-0.215
5.312,-0.215
5.316,-0.215
5.32,-0.203
5.324,-0.198
5.328,-0.217
5.332,-0.225
5.336,-0.237
5.34,-0.24
5.344,-0.23
5.348,-0.217
5.352,-0.23
5.356,-0.215
5.36,-0.205
5.364,-0.205
5.368,-0.198
5.372,-0.212
5.376,-0.19
5.38,-0.147
5.384,-0.152
5.388,-0.158
5.392,-0.155
5.396,-0.16
5.4,-0.14
5.404,-0.133
5.408,-0.13
5.412,-0.135
5.416,-0.115
5.42,-0.135
5.424,-0.138
5.428,-0.125
5.432,-0.142
5.436,-0.125
5.44,-0.095
5.444,-0.1
5.448,-0.085
5.452,-0.083
5.456,-0.062
5.46,-0.045
5.464,-0.022
5.468,-0.01
5.472,0.007
5.476,0.013
5.48,0.018
5.484,0.02
5.488,0.028
5.492,0.03
5.496,0.025
5.5,-0.01
5.504,0.005
5.508,-0.005
5.512,-0.025
5.516,-0.035
5.52,-0.045
5.524,-0.07
5.528,-0.085
5.532,-0.102
5.536,-0.105
5.54,-0.12
5.544,-0.115
5.548,-0.133
5.552,-0.125
5.556,-0.122
5.56,-0.122
5.564,-0.125
5.568,-0.142
5.572,-0.165
5.576,-0.182
5.58,-0.133
5.584,-0.13
5.588,-0.117
5.592,-0.158
5.596,-0.16
5.6,-0.155
5.604,-0.16
5.608,-0.17
5.612,-0.18
5.616,-0.16
5.62,-0.152
5.624,-0.14
5.628,-0.122
5.632,-0.13
5.636,-0.095
5.64,-0.13
5.644,-0.16
5.648,-0.147
5.652,-0.16
5.656,-0.17
5.66,-0.165
5.664,-0.155
5.668,-0.16
5.672,-0.16
5.676,-0.165
5.68,-0.133
5.684,-0.13
5.688,-0.155
5.692,-0.177
5.696,-0.177
5.7,-0.177
5.704,-0.168
5.708,-0.155
5.712,-0.17
5.716,-0.142
5.72,-0.122
5.724,-0.135
5.728,-0.142
5.732,-0.16
5.736,-0.168
5.74,-0.152
5.744,-0.145
5.748,-0.15
5.752,-0.155
5.756,-0.138
5.76,-0.13
5.764,-0.147
5.768,-0.17
5.772,-0.17
5.776,-0.147
5.78,-0.15
5.784,-0.15
5.788,-0.16
5.792,-0.147
5.796,-0.145
5.8,-0.13
5.804,-0.122
5.808,-0.122
5.812,-0.147
5.816,-0.17
5.82,-0.172
5.824,-0.168
5.828,-0.15
5.832,-0.125
5.836,-0.142
5.84,-0.175
5.844,-0.17
5.848,-0.17
5.852,-0.16
5.856,-0.18
5.86,-0.203
5.864,-0.205
5.868,-0.193
5.872,-0.172
5.876,-0.17
5.88,-0.145
5.884,-0.122
5.888,-0.085
5.892,-0.075
5.896,-0.115
5.9,-0.113
5.904,-0.065
5.908,-0.037
5.912,0.005
5.916,0.035
5.92,0.007
5.924,-0.01
5.928,-0.013
5.932,0.007
5.936,0.018
5.94,0.035
5.944,-0.003
5.948,-0.022
5.952,-0.06
5.956,-0.1
5.96,-0.152
5.964,-0.21
5.968,-0.235
5.972,-0.265
5.976,-0.24
5.98,-0.235
5.984,-0.22
5.988,-0.237
5.992,-0.258
5.996,-0.275
6,-0.27
6.004,-0.28
6.008,-0.263
6.012,-0.253
6.016,-0.285
6.02,-0.287
6.024,-0.393
6.028,-0.53
6.032,-0.637
6.036,-0.603
6.04,-0.37
6.044,0.058
6.048,0.537
6.052,1.125
6.056,1.597
6.06,1.66
6.064,1.337
6.068,0.953
6.072,0.603
6.076,0.305
6.08,0.092
6.084,-0.09
6.088,-0.172
6.092,-0.22
6.096,-0.245
6.1,-0.287
6.104,-0.253
6.108,-0.273
6.112,-0.287
6.116,-0.3
6.12,-0.305
6.124,-0.315
6.128,-0.325
6.132,-0.333
6.136,-0.333
6.14,-0.33
6.144,-0.318
6.148,-0.325
6.152,-0.325
6.156,-0.328
6.16,-0.323
6.164,-0.3
6.168,-0.31
6.172,-0.312
6.176,-0.323
6.18,-0.323
6.184,-0.323
6.188,-0.292
6.192,-0.307
6.196,-0.312
6.2,-0.3
6.204,-0.31
6.208,-0.3
6.212,-0.305
6.216,-0.31
6.22,-0.3
6.224,-0.305
6.228,-0.315
6.232,-0.3
6.236,-0.278
6.24,-0.263
6.244,-0.255
6.248,-0.24
6.252,-0.255
6.256,-0.253
6.26,-0.223
6.264,-0.22
6.268,-0.205
6.272,-0.185
6.276,-0.152
6.28,-0.122
6.284,-0.115
6.288,-0.12
6.292,-0.095
6.296,-0.065
6.3,-0.055
6.304,-0.065
6.308,-0.065
6.312,-0.052
6.316,-0.08
6.32,-0.08
6.324,-0.055
6.328,-0.055
6.332,-0.085
6.336,-0.113
6.34,-0.13
6.344,-0.14
6.348,-0.16
6.352,-0.172
6.356,-0.147
6.36,-0.16
6.364,-0.158
6.368,-0.188
6.372,-0.19
6.376,-0.18
6.38,-0.185
6.384,-0.23
6.388,-0.245
6.392,-0.235
6.396,-0.22
6.4,-0.215
6.404,-0.19
6.408,-0.193
6.412,-0.182
6.416,-0.198
6.42,-0.203
6.424,-0.193
6.428,-0.2
6.432,-0.21
6.436,-0.193
6.44,-0.175
6.444,-0.165
6.448,-0.16
6.452,-0.158
6.456,-0.193
6.46,-0.195
6.464,-0.205
6.468,-0.19
6.472,-0.175
6.476,-0.17
6.48,-0.185
6.484,-0.195
6.488,-0.195
6.492,-0.215
6.496,-0.215
6.5,-0.217
6.504,-0.23
6.508,-0.235
6.512,-0.225
6.516,-0.235
6.52,-0.22
6.524,-0.22
6.528,-0.215
6.532,-0.212
6.536,-0.245
6.54,-0.225
6.544,-0.215
6.548,-0.195
6.552,-0.193
6.556,-0.237
6.56,-0.215
6.564,-0.223
6.568,-0.223
6.572,-0.215
6.576,-0.22
6.58,-0.23
6.584,-0.205
6.588,-0.205
6.592,-0.22
6.596,-0.217
6.6,-0.235
6.604,-0.21
6.608,-0.198
6.612,-0.215
6.616,-0.225
6.62,-0.217
6.624,-0.2
6.628,-0.18
6.632,-0.203
6.636,-0.225
6.64,-0.223
6.644,-0.228
6.648,-0.22
6.652,-0.212
6.656,-0.215
6.66,-0.215
6.664,-0.22
6.668,-0.215
6.672,-0.21
6.676,-0.223
6.68,-0.185
6.684,-0.165
6.688,-0.135
6.692,-0.115
6.696,-0.085
6.7,-0.095
6.704,-0.08
6.708,-0.087
6.712,-0.075
6.716,-0.035
6.72,-0.01
6.724,0.005
6.728,-0.015
6.732,-0.025
6.736,-0.035
6.74,-0.04
6.744,-0.003
6.748,-0.003
6.752,-0.022
6.756,-0.045
6.76,-0.07
6.764,-0.115
6.768,-0.14
6.772,-0.145
6.776,-0.193
6.78,-0.233
6.784,-0.225
6.788,-0.22
6.792,-0.223
6.796,-0.215
6.8,-0.225
6.804,-0.23
6.808,-0.24
6.812,-0.25
6.816,-0.245
6.82,-0.25
6.824,-0.285
6.828,-0.315
6.832,-0.455
6.836,-0.57
6.84,-0.615
6.844,-0.485
6.848,-0.172
6.852,0.258
6.856,0.802
6.86,1.383
6.864,1.692
6.868,1.518
6.872,1.143
6.876,0.787
6.88,0.482
6.884,0.228
6.888,0.05
6.892,-0.08
6.896,-0.16
6.9,-0.21
6.904,-0.24
6.908,-0.265
6.912,-0.282
6.916,-0.282
6.92,-0.278
6.924,-0.3
6.928,-0.287
6.932,-0.31
6.936,-0.323
6.94,-0.315
6.944,-0.305
6.948,-0.315
6.952,-0.295
6.956,-0.305
6.96,-0.305
6.964,-0.3
6.968,-0.31
6.972,-0.3
6.976,-0.307
6.98,-0.3
6.984,-0.318
6.988,-0.31
6.992,-0.3
6.996,-0.292
7,-0.287
7.004,-0.292
7.008,-0.297
7.012,-0.287
7.016,-0.26
7.02,-0.258
7.024,-0.245
7.028,-0.225
7.032,-0.28
7.036,-0.282
7.04,-0.255
7.044,-0.268
7.048,-0.255
7.052,-0.245
7.056,-0.265
7.06,-0.245
7.064,-0.235
7.068,-0.217
7.072,-0.212
7.076,-0.205
7.08,-0.19
7.084,-0.165
7.088,-0.15
7.092,-0.122
7.096,-0.122
7.1,-0.102
7.104,-0.085
7.108,-0.065
7.112,-0.052
7.116,-0.055
7.12,-0.08
7.124,-0.055
7.128,-0.045
7.132,-0.048
7.136,-0.107
7.14,-0.115
7.144,-0.115
7.148,-0.125
7.152,-0.155
7.156,-0.175
7.16,-0.165
7.164,-0.175
7.168,-0.182
7.172,-0.185
7.176,-0.175
7.18,-0.195
7.184,-0.203
7.188,-0.19
7.192,-0.19
7.196,-0.182
7.2,-0.172
7.204,-0.2
7.208,-0.19
7.212,-0.185
7.216,-0.135
7.22,-0.155
7.224,-0.15
7.228,-0.19
7.232,-0.195
7.236,-0.165
7.24,-0.17
7.244,-0.145
7.248,-0.16
7.252,-0.16
7.256,-0.193
7.26,-0.175
7.264,-0.17
7.268,-0.19
7.272,-0.215
7.276,-0.223
7.28,-0.185
7.284,-0.175
7.288,-0.152
7.292,-0.135
7.296,-0.14
7.3,-0.155
7.304,-0.13
7.308,-0.158
7.312,-0.193
7.316,-0.175
7.32,-0.175
7.324,-0.168
7.328,-0.182
7.332,-0.175
7.336,-0.155
7.34,-0.142
7.344,-0.16
7.348,-0.18
7.352,-0.17
7.356,-0.155
7.36,-0.152
7.364,-0.11
7.368,-0.135
7.372,-0.138
7.376,-0.125
7.38,-0.142
7.384,-0.155
7.388,-0.145
7.392,-0.145
7.396,-0.152
7.4,-0.15
7.404,-0.13
7.408,-0.133
7.412,-0.135
7.416,-0.138
7.42,-0.117
7.424,-0.113
7.428,-0.122
7.432,-0.165
7.436,-0.175
7.44,-0.155
7.444,-0.165
7.448,-0.15
7.452,-0.135
7.456,-0.13
7.46,-0.15
7.464,-0.18
7.468,-0.203
7.472,-0.182
7.476,-0.155
7.48,-0.158
7.484,-0.15
7.488,-0.135
7.492,-0.105
7.496,-0.077
7.5,-0.072
7.504,-0.07
7.508,-0.033
7.512,-0.04
7.516,-0.04
7.52,-0.043
7.524,-0.043
7.528,0.018
7.532,0.058
7.536,0.055
7.54,0.055
7.544,0.06
7.548,0.068
7.552,0.068
7.556,0.045
7.56,-0.005
7.564,-0.03
7.568,-0.048
7.572,-0.072
7.576,-0.08
7.58,-0.107
7.584,-0.135
7.588,-0.155
7.592,-0.14
7.596,-0.155
7.6,-0.155
7.604,-0.163
7.608,-0.172
7.612,-0.16
7.616,-0.163
7.62,-0.2
7.624,-0.253
7.628,-0.39
7.632,-0.517
7.636,-0.517
7.64,-0.325
7.644,0.015
7.648,0.487
7.652,1.065
7.656,1.607
7.66,1.78
7.664,1.54
7.668,1.22
7.672,0.887
7.676,0.532
7.68,0.278
7.684,0.095
7.688,-0.005
7.692,-0.04
7.696,-0.08
7.7,-0.13
7.704,-0.195
7.708,-0.265
7.712,-0.265
7.716,-0.255
7.72,-0.27
7.724,-0.255
7.728,-0.24
7.732,-0.253
7.736,-0.235
7.74,-0.24
7.744,-0.25
7.748,-0.24
7.752,-0.24
7.756,-0.24
7.76,-0.24
7.764,-0.235
7.768,-0.24
7.772,-0.255
7.776,-0.24
7.78,-0.225
7.784,-0.205
7.788,-0.225
7.792,-0.23
7.796,-0.22
7.8,-0.185
7.804,-0.19
7.808,-0.205
7.812,-0.212
7.816,-0.195
7.82,-0.225
7.824,-0.223
7.828,-0.175
7.832,-0.172
7.836,-0.165
7.84,-0.163
7.844,-0.163
7.848,-0.168
7.852,-0.175
7.856,-0.16
7.86,-0.198
7.864,-0.212
7.868,-0.203
7.872,-0.188
7.876,-0.168
7.88,-0.182
7.884,-0.172
7.888,-0.145
7.892,-0.107
7.896,-0.113
7.9,-0.095
7.904,-0.058
7.908,-0.045
7.912,-0.025
7.916,-0.043
7.92,-0.033
7.924,-0.035
7.928,-0.025
7.932,-0.003
7.936,0
7.94,0.018
7.944,-0.05
7.948,-0.135
7.952,-0.165
7.956,-0.152
7.96,-0.147
7.964,-0.135
7.968,-0.133
7.972,-0.122
7.976,-0.135
7.98,-0.135
7.984,-0.125
7.988,-0.12
7.992,-0.122
7.996,-0.117
8,-0.117
8.004,-0.113
8.008,-0.135
8.012,-0.102
8.016,-0.085
8.02,-0.1
8.024,-0.13
8.028,-0.147
8.032,-0.12
8.036,-0.098
8.04,-0.122
8.044,-0.115
8.048,-0.102
8.052,-0.152
8.056,-0.165
8.06,-0.16
8.064,-0.16
8.068,-0.165
8.072,-0.135
8.076,-0.133
8.08,-0.135
8.084,-0.113
8.088,-0.07
8.092,-0.075
8.096,-0.14
8.1,-0.17
8.104,-0.17
8.108,-0.16
8.112,-0.142
8.116,-0.125
8.12,-0.155
8.124,-0.145
8.128,-0.145
8.132,-0.145
8.136,-0.145
8.14,-0.113
8.144,-0.113
8.148,-0.12
8.152,-0.115
8.156,-0.128
8.16,-0.128
8.164,-0.122
8.168,-0.117
8.172,-0.128
8.176,-0.135
8.18,-0.13
8.184,-0.113
8.188,-0.125
8.192,-0.128
8.196,-0.147
8.2,-0.14
8.204,-0.125
8.208,-0.128
8.212,-0.13
8.216,-0.11
8.22,-0.107
8.224,-0.095
8.228,-0.083
8.232,-0.1
8.236,-0.107
8.24,-0.1
8.244,-0.11
8.248,-0.1
8.252,-0.11
8.256,-0.113
8.26,-0.115
8.264,-0.09
8.268,-0.075
8.272,-0.07
8.276,-0.068
8.28,-0.065
8.284,-0.065
8.288,-0.07
8.292,-0.07
8.296,-0.045
8.3,-0.01
8.304,0.018
8.308,0.015
8.312,0.01
8.316,0.028
8.32,0.007
8.324,0.028
8.328,0.028
8.332,0.028
8.336,0.005
8.34,-0.035
8.344,-0.045
8.348,-0.07
8.352,-0.105
8.356,-0.105
8.36,-0.095
8.364,-0.095
8.368,-0.102
8.372,-0.1
8.376,-0.102
8.38,-0.085
8.384,-0.117
8.388,-0.155
8.392,-0.188
8.396,-0.228
8.4,-0.355
8.404,-0.455
8.408,-0.48
8.412,-0.323
8.416,0.033
8.42,0.477
8.424,1.022
8.428,1.573
8.432,1.847
8.436,1.647
8.44,1.288
8.444,0.978
8.448,0.682
8.452,0.448
8.456,0.255
8.46,0.115
8.464,0.035
8.468,-0.013
8.472,-0.03
8.476,-0.055
8.48,-0.072
8.484,-0.105
8.488,-0.135
8.492,-0.14
8.496,-0.177
8.5,-0.185
8.504,-0.14
8.508,-0.138
8.512,-0.145
8.516,-0.15
8.52,-0.142
8.524,-0.145
8.528,-0.155
8.532,-0.16
8.536,-0.145
8.54,-0.15
8.544,-0.15
8.548,-0.155
8.552,-0.145
8.556,-0.165
8.56,-0.152
8.564,-0.182
8.568,-0.16
8.572,-0.122
8.576,-0.133
8.58,-0.16
8.584,-0.155
8.588,-0.155
8.592,-0.145
8.596,-0.105
8.6,-0.098
8.604,-0.1
8.608,-0.08
8.612,-0.105
8.616,-0.122
8.62,-0.098
8.624,-0.1
8.628,-0.09
8.632,-0.055
8.636,-0.055
8.64,-0.045
8.644,-0.045
8.648,-0.02
8.652,-0.052
8.656,-0.035
8.66,-0.005
8.664,0.015
8.668,0.025
8.672,0.028
8.676,0.04
8.68,0.085
8.684,0.115
8.688,0.1
8.692,0.087
8.696,0.055
8.7,0.058
8.704,0.055
8.708,0.037
8.712,0.035
8.716,0.01
8.72,0.007
8.724,-0.005
8.728,-0.003
8.732,-0.033
8.736,-0.06
8.74,-0.055
8.744,-0.045
8.748,-0.033
8.752,-0.022
8.756,-0.013
8.76,-0.025
8.764,-0.015
8.768,-0.043
8.772,-0.03
8.776,-0.025
8.78,-0.025
8.784,-0.025
8.788,-0.022
8.792,-0.02
8.796,-0.055
8.8,-0.035
8.804,-0.048
8.808,-0.035
8.812,-0.045
8.816,-0.062
8.82,-0.052
8.824,-0.05
8.828,-0.035
8.832,-0.028
8.836,-0.043
8.84,-0.062
8.844,-0.062
8.848,-0.05
8.852,-0.052
8.856,-0.07
8.86,-0.08
8.864,-0.077
8.868,-0.077
8.872,-0.075
8.876,-0.04
8.88,-0.045
8.884,-0.075
8.888,-0.08
8.892,-0.107
8.896,-0.092
8.9,-0.065
8.904,-0.075
8.908,-0.075
8.912,-0.055
8.916,-0.075
8.92,-0.075
8.924,-0.065
8.928,-0.072
8.932,-0.065
8.936,-0.08
8.94,-0.075
8.944,-0.06
8.948,-0.055
8.952,-0.058
8.956,-0.06
8.96,-0.072
8.964,-0.06
8.968,-0.058
8.972,-0.05
8.976,-0.072
8.98,-0.06
8.984,-0.06
8.988,-0.07
8.992,-0.068
8.996,-0.033
9,-0.033
9.004,-0.025
9.008,-0.065
9.012,-0.055
9.016,-0.033
9.02,-0.007
9.024,-0.025
9.028,-0.035
9.032,-0.025
9.036,-0.013
9.04,-0.003
9.044,-0.01
9.048,-0.003
9.052,-0.015
9.056,-0.013
9.06,-0.003
9.064,0.015
9.068,0.022
9.072,0.007
9.076,0.018
9.08,0.037
9.084,0.087
9.088,0.125
9.092,0.11
9.096,0.1
9.1,0.087
9.104,0.105
9.108,0.105
9.112,0.095
9.116,0.068
9.12,0.045
9.124,0.028
9.128,-0.003
9.132,-0.01
9.136,-0.022
9.14,-0.037
9.144,-0.062
9.148,-0.08
9.152,-0.075
9.156,-0.065
9.16,-0.075
9.164,-0.077
9.168,-0.07
9.172,-0.102
9.176,-0.135
9.18,-0.195
9.184,-0.338
9.188,-0.432
9.192,-0.415
9.196,-0.2
9.2,0.145
9.204,0.618
9.208,1.153
9.212,1.607
9.216,1.692
9.22,1.375
9.224,1.052
9.228,0.777
9.232,0.485
9.236,0.247
9.24,0.105
9.244,0.033
9.248,-0.005
9.252,-0.062
9.256,-0.095
9.26,-0.095
9.264,-0.115
9.268,-0.105
9.272,-0.145
9.276,-0.135
9.28,-0.145
9.284,-0.145
9.288,-0.16
9.292,-0.158
9.296,-0.17
9.3,-0.17
9.304,-0.16
9.308,-0.152
9.312,-0.15
9.316,-0.128
9.32,-0.102
9.324,-0.115
9.328,-0.16
9.332,-0.155
9.336,-0.115
9.34,-0.115
9.344,-0.125
9.348,-0.125
9.352,-0.105
9.356,-0.102
9.36,-0.068
9.364,-0.095
9.368,-0.1
9.372,-0.092
9.376,-0.09
9.38,-0.098
9.384,-0.092
9.388,-0.075
9.392,-0.06
9.396,-0.08
9.4,-0.062
9.404,-0.05
9.408,-0.045
9.412,-0.052
9.416,-0.033
9.42,-0.033
9.424,-0.035
9.428,-0.013
9.432,0.022
9.436,0.035
9.44,0.045
9.444,0.055
9.448,0.065
9.452,0.068
9.456,0.098
9.46,0.087
9.464,0.08
9.468,0.085
9.472,0.085
9.476,0.095
9.48,0.075
9.484,0.065
9.488,0.058
9.492,0.055
9.496,0.028
9.5,0.005
9.504,-0.015
9.508,-0.005
9.512,-0.02
9.516,-0.037
9.52,-0.048
9.524,-0.025
9.528,-0.043
9.532,-0.028
9.536,-0.02
9.54,-0.013
9.544,-0.033
9.548,-0.043
9.552,-0.035
9.556,-0.037
9.56,-0.025
9.564,-0.01
9.568,-0.033
9.572,-0.003
9.576,-0.025
9.58,-0.072
9.584,-0.065
9.588,-0.048
9.592,-0.025
9.596,-0.033
9.6,-0.03
9.604,-0.043
9.608,-0.045
9.612,-0.035
9.616,-0.043
9.62,-0.06
9.624,-0.07
9.628,-0.052
9.632,-0.05
9.636,-0.043
9.64,-0.033
9.644,-0.025
9.648,-0.025
9.652,-0.025
9.656,-0.022
9.66,-0.015
9.664,-0.028
9.668,-0.028
9.672,-0.052
9.676,-0.065
9.68,-0.045
9.684,-0.045
9.688,-0.033
9.692,-0.062
9.696,-0.055
9.7,-0.062
9.704,-0.043
9.708,-0.035
9.712,-0.03
9.716,-0.035
9.72,-0.035
9.724,-0.022
9.728,-0.025
9.732,-0.037
9.736,-0.06
9.74,-0.052
9.744,-0.04
9.748,-0.045
9.752,-0.05
9.756,-0.043
9.76,-0.043
9.764,-0.028
9.768,-0.035
9.772,-0.033
9.776,-0.045
9.78,-0.07
9.784,-0.045
9.788,-0.035
9.792,-0.035
9.796,-0.025
9.8,-0.022
9.804,-0.035
9.808,-0.05
9.812,-0.03
9.816,-0.037
9.82,-0.045
9.824,-0.037
9.828,-0.03
9.832,-0.02
9.836,-0.015
9.84,-0.025
9.844,-0.025
9.848,-0.013
9.852,-0.003
9.856,0.02
9.86,0.035
9.864,0.055
9.868,0.055
9.872,0.058
9.876,0.06
9.88,0.045
9.884,0.025
9.888,0.018
9.892,-0.01
9.896,-0.015
9.9,-0.033
9.904,-0.068
9.908,-0.072
9.912,-0.08
9.916,-0.077
9.92,-0.075
9.924,-0.077
9.928,-0.1
9.932,-0.105
9.936,-0.122
9.94,-0.117
9.944,-0.14
9.948,-0.17
9.952,-0.287
9.956,-0.393
9.96,-0.407
9.964,-0.255
9.968,0.068
9.972,0.46
9.976,0.948
9.98,1.488
9.984,1.728
9.988,1.492
9.992,1.083
9.996,0.748
